{
  "1": {
    "class_type": "CheckpointLoaderSimple",
    "inputs": {
      "ckpt_name": "flux1-dev.safetensors"
    }
  },
  "2": {
    "class_type": "CLIPTextEncode",
    "inputs": {
      "text": "a serene mountain landscape at golden hour, misty valleys, photorealistic, 8k quality",
      "clip": ["1", 1]
    }
  },
  "3": {
    "class_type": "CLIPTextEncode",
    "inputs": {
      "text": "blurry, deformed, ugly, watermark, signature, text, logo, low quality, pixelated",
      "clip": ["1", 1]
    }
  },
  "4": {
    "class_type": "EmptyLatentImage",
    "inputs": {
      "width": 1024,
      "height": 1024,
      "batch_size": 1
    }
  },
  "5": {
    "class_type": "KSamplerAdvanced",
    "inputs": {
      "seed": 42,
      "steps": 30,
      "cfg": 7.5,
      "sampler_name": "dpmpp_2m_sde",
      "scheduler": "karras",
      "denoise": 1.0,
      "model": ["1", 0],
      "positive": ["2", 0],
      "negative": ["3", 0],
      "latent_image": ["4", 0],
      "start_at_step": 0,
      "end_at_step": 10000,
      "return_with_leftover_noise": false
    }
  },
  "6": {
    "class_type": "VAEDecode",
    "inputs": {
      "samples": ["5", 0],
      "vae": ["1", 2]
    }
  },
  "7": {
    "class_type": "SaveImage",
    "inputs": {
      "filename_prefix": "flux_landscape",
      "images": ["6", 0]
    }
  }
}
